title,company,location,link
2021 카카오 추천팀 겨울 인턴 모집 (분석),카카오,성남 판교역,/rc/clk?jk=c5235bdb57eb0b2b&fccid=32b9af632cf3b9f9&vjs=3
2021 카카오 추천팀 겨울 인턴 모집 (개발),카카오,성남 판교역,/rc/clk?jk=d9f968bb166a2228&fccid=32b9af632cf3b9f9&vjs=3
[국비지원] 서울대학교 4차산업혁명 아카데미 빅데이터/핀테크 전문가 양성과정,서울대학교 AI연구원,서울 관악구,/rc/clk?jk=093cdd04809c8db0&fccid=44626750a22a8102&vjs=3
2022년도 상반기 공개,한국해양과학기술원 부설 선박해양플랜트연구소,대전 유성구,/rc/clk?jk=eb816bb6fd4b7235&fccid=96ad9a9363d82eb2&vjs=3
[하나금융융합기술원] 경영 기획/전략 (11/22~12/5),하나금융티아이,서울 강남구,/rc/clk?jk=7d0fe7c1e7481fda&fccid=eb82f052aed06b37&vjs=3
[kt ds]2021년 각 부문별 경력사원 수시,케이티디에스,서울 서초구,/rc/clk?jk=ef62b0e22d2dd6a2&fccid=601de6e8c2eec868&vjs=3
[KSTEC] 통계/Analytics 신입 및 경력사원,지식시스템,성남 분당구,/rc/clk?jk=526772866a1d2572&fccid=3061a9a0f5168def&vjs=3
[전문연구요원 신규편입/전직] 의료영상/음성인식/생체신호 연구원,뷰노코리아,서울 서초구,/rc/clk?jk=40de6a4b81f8724f&fccid=282d63dcd74d554d&vjs=3
Python Programmer,Mofac,서울 서초구,/rc/clk?jk=df21e3bb5d773616&fccid=6cddb172d498d15c&vjs=3
SW engineer intern,Intel,서울,/rc/clk?jk=9211dfb5091a8cc4&fccid=f1374be6a45f4b8a&vjs=3
Research Engineer Intern (Machine Learning),"Seoul Robotics Co., Ltd",서울,"/company/Seoul-Robotics-Co.,-Ltd/jobs/Research-Engineer-Intern-49fd1a7248d3ff47?fccid=0c11deb7cb257ce0&vjs=3"
서버 개발자 Python(Django) Developer (신입/경력),아테나스랩,서울 마포구,/rc/clk?jk=ebd9b7e972f551fc&fccid=f7418ec5d47158aa&vjs=3
비전넥스트 개발직군 채용,한화그룹,서울,/rc/clk?jk=e613e8a5792b4fe9&fccid=bd0dc1817223394f&vjs=3
[TmaxAI/R&D] AI 로보어드바이저 개발자,티맥스그룹,성남 분당구,/rc/clk?jk=2eb89f0edaed04e5&fccid=7fd4ab5b8a5f28f4&vjs=3
산업기능요원(보충역 신규편입/전직),Soomgo,서울 강남구,/rc/clk?jk=aa668970a94e70ac&fccid=f9a401b2af6cde91&vjs=3
빅데이터 분석 기술인력 (정규직),한국정보기술단,서울 강남구,/rc/clk?jk=c793a3ef3425f495&fccid=99925e8e7b9604cc&vjs=3
Python 기반 빅데이터 처리 개발자,드림어스컴퍼니,서울 서초구,/rc/clk?jk=ea2ab43c3a607fb1&fccid=d5dc18a57ad82f07&vjs=3
시스템 엔지니어 영입,카카오페이증권,성남 분당구,/rc/clk?jk=8070498013c9b353&fccid=8774314ead916c49&vjs=3
"주식운용,AI개발자 인턴 및 경력직(마감일~11.28)",씨앗자산운용,서울 신논현역,/rc/clk?jk=d91f63e0f29533f7&fccid=b22e9a99a7990e50&vjs=3
침해사고 분석/대응 및 보안장비 운영 담당자 모집,카카오,성남 판교역,/rc/clk?jk=d7e9da4d32399dfe&fccid=32b9af632cf3b9f9&vjs=3
2021년도 하반기 비정규직 공개(),한국해양과학기술원 부설 선박해양플랜트연구소,대전 유성구,/rc/clk?jk=bb4128a4f1632e03&fccid=96ad9a9363d82eb2&vjs=3
"인공지능(AI), Python(응용프로그램 개발자) 외 신입/경력 정규직",쿠노소프트,서울 성북구,/rc/clk?jk=8cc372a6b78679b1&fccid=f2fc7b11fc1dd68f&vjs=3
[뉴플랫폼기술] 클라우드 개발자 - Kubernetes,한국카카오은행,성남 분당구,/rc/clk?jk=6f74c1f71c9c274e&fccid=aea6a13a3459fdb2&vjs=3
[마케팅커뮤니케이션팀] 태블로(Tableau) 데이터 시각화 및 분석 담당자,심플렉스,서울 동작구,/rc/clk?jk=17b0ed5f0e14292a&fccid=a792f668ea278019&vjs=3
[무료교육/연계] 2021년 SK쉴더스 Rookie 6기 전문가과정 교육생,에스케이쉴더스,경기도,/rc/clk?jk=254b49e1cba468df&fccid=eb364ecce5dfad88&vjs=3
BackEnd Engineer,Streami,서울,/company/Streami/jobs/Backend-Engineer-3822d1c0cf5cb8db?fccid=7c75d6b5108ae19c&vjs=3
기술 인턴 인공지능 응용 연구/개발 인턴,써로마인드로보틱스,서울 관악구,/rc/clk?jk=71c47ac87bb4087e&fccid=230e414668234579&vjs=3
"Staff Software Engineer, Maps & Navigation, Seoul, Korea",Tesla,서울,/rc/clk?jk=44f16e94e3e6b589&fccid=86e9be6ce380173e&vjs=3
네트워크 담당자 영입,카카오페이증권,성남 분당구,/rc/clk?jk=63aa7316b1a84843&fccid=8774314ead916c49&vjs=3
인사전략실 경력사원 채용,한화그룹,서울,/rc/clk?jk=07f8799f89fa6faf&fccid=bd0dc1817223394f&vjs=3
Software Engineer,Google,서울,/rc/clk?jk=e7c8c2b11f24fb43&fccid=a5b4499d9e91a5c6&vjs=3
Data분석가,에스케이쉴더스,서울 강남구,/rc/clk?jk=2e8b1df16e37f754&fccid=eb364ecce5dfad88&vjs=3
[신규프로젝트] Technical Artist 모집,엔씨소프트,성남 판교역,/rc/clk?jk=688c74a2d55f16f6&fccid=a1e4e21b1f33cf40&vjs=3
[2022 전문연구요원] AI R&D - Language AI,엔씨소프트,성남 판교역,/rc/clk?jk=192c20f6f0f64ab3&fccid=a1e4e21b1f33cf40&vjs=3
하반기 인턴직 모집,한솔그룹,서울 을지로2가,/rc/clk?jk=2f56d4b70c1df086&fccid=c7038d46947c25e0&vjs=3
하반기 신입(채용 연계형 인턴) 수시채용,홈앤쇼핑,서울 마곡동,/rc/clk?jk=79fb95da6dff4025&fccid=ecf302baa35f2e54&vjs=3
Software Engineer,Intel,서울,/rc/clk?jk=ff27ef03ddc73690&fccid=f1374be6a45f4b8a&vjs=3
[데이터전략팀] 전사 데이터 포털 운영 담당자,심플렉스,서울 동작구,/rc/clk?jk=5ca7c0e87bb47fa5&fccid=a792f668ea278019&vjs=3
멀티캠퍼스 프리랜서 강사,멀티캠퍼스,서울 강남구,/rc/clk?jk=579bd3dacc4f76e2&fccid=5b69e4d21319d044&vjs=3
딥러닝 AI 개발 연구원,베이리스,성남 수정구,/rc/clk?jk=87309d3ff40ead61&fccid=ce871e9e4a9f430a&vjs=3
Sr. Back-end Engineer (Python),Soomgo,서울 강남구,/rc/clk?jk=752a4b5d63eac97c&fccid=f9a401b2af6cde91&vjs=3
[데이터파이프라인팀] 백엔드(Backend) 개발자,심플렉스,서울 동작구,/rc/clk?jk=c19e3fb6631dcb46&fccid=a792f668ea278019&vjs=3
Jr. Back-end Engineer (Python),Soomgo,서울 강남구,/rc/clk?jk=733b814969bff5a7&fccid=f9a401b2af6cde91&vjs=3
데이터 전문가(모델러/분석가/엔지니어) 모집,카카오,성남 판교역,/rc/clk?jk=ac9068957c550cb3&fccid=32b9af632cf3b9f9&vjs=3
Cross Border Ecommerce - Business Intelligence (Based in Seo...,Shopee,서울,/rc/clk?jk=b574f1454ae36aab&fccid=0b476c4a7add47fe&vjs=3
DevSecOps Engineer,한국아이비엠,서울 영등포구,/rc/clk?jk=5d809bda3182ab58&fccid=6a140d57f361e18b&vjs=3
인프라보안팀(DBA) 경력직 (서울 본사) - 11월지원,주)코웨이,서울 구로구,/rc/clk?jk=d2ca3da8c9704e2c&fccid=df92c6418d762e6e&vjs=3
Regional Research Manager,TikTok,서울,/rc/clk?jk=4c4bcf5994e5cb45&fccid=caed318a9335aac0&vjs=3
[신입/경력] 의료영상/음성인식/생체신호 연구원,뷰노코리아,서울 서초구,/rc/clk?jk=c35e9b72a11aa338&fccid=282d63dcd74d554d&vjs=3
데이터표준품질부문 경력직 (정규직),한국정보기술단,서울 강남구,/rc/clk?jk=c7d52aeb22295927&fccid=99925e8e7b9604cc&vjs=3
2021년 이공계 전문여성 아카데미 인턴십() 참여기업,한국여성공학기술인협회,서울 강남구,/rc/clk?jk=b14fdb9121c0a3f4&fccid=22c29a6a960a71a4&vjs=3
"Sales - Sales Operations Specialist, Seoul, Korea",Tesla,서울,/rc/clk?jk=01bd5372e531d949&fccid=86e9be6ce380173e&vjs=3
데이터 사이언티스트 및 엔지니어,NHN,성남 판교역,/rc/clk?jk=6f4889537af98046&fccid=a72ebaf825acf7af&vjs=3
인사분야 신입사원 모집,GS칼텍스,서울 역삼동,/rc/clk?jk=d39d5624bfcc6b01&fccid=f152288f3dcf6e51&vjs=3
한화시스템/방산 2021년 한화시스템 방산부문 신사업분야 경력사원,한화시스템,성남 분당구,/rc/clk?jk=1fd963b87d62d30a&fccid=46ba4635611e86ea&vjs=3
[TmaxAI/R&D] AI 로보어드바이저 개발자,티맥스소프트,성남 분당구,/rc/clk?jk=fe3ff8f651d902aa&fccid=445576e2a7ced0d6&vjs=3
"Student Training in Engineering Program, 2021, People with D...",Google,서울,/rc/clk?jk=76ef0d2df960b0f6&fccid=a5b4499d9e91a5c6&vjs=3
[무료교육/취업지원] 빅데이터 애널리스트 양성과정 교육생,메디치이앤에스,서울 금천구,/rc/clk?jk=4ac7a931ec46a330&fccid=7e8342cce53469d4&vjs=3
TikTok Content Strategy Manager,TikTok,서울,/rc/clk?jk=3b0b25d7cdb97839&fccid=caed318a9335aac0&vjs=3
침해사고 대응,NHN,성남 판교역,/rc/clk?jk=06d133676285b02e&fccid=a72ebaf825acf7af&vjs=3
(주)시큐아이 경력사원,시큐아이,서울 중구,/rc/clk?jk=e2634ba76e9fe9e8&fccid=336fe9f915ae533b&vjs=3
빅데이터 플랫폼 데이터 엔지니어 및 IT 시스템/클라우드 아키텍쳐 전문가,LG이노텍,서울 마곡역,/rc/clk?jk=0da96f4e21647142&fccid=6ecf392a15407b3e&vjs=3
블록체인 개발자 정규직,위고컴퍼니,서울 서초구,/rc/clk?jk=78e60b46798396d2&fccid=32f112a2173f5468&vjs=3
2021년 하반기 IT부문 경력사원,소프트넷,서울 강남구,/rc/clk?jk=439c791aeb57604b&fccid=69b5a40c7def5e64&vjs=3
서버개발자(벡앤드) 정규직,오비이랩,서울 강남구,/rc/clk?jk=df228c302c3c8f9b&fccid=715de450eed29374&vjs=3
AI Software Engineer,GE Appliances,경기도 성남,/rc/clk?jk=53fbfe54f327d9dc&fccid=6a7f2fa034a3fd36&vjs=3
AI(딥러닝)개발 경력,디에스파트너즈그룹,서울 성동구,/rc/clk?jk=22f5968c1c62b3b0&fccid=ec1d0c6e548bba97&vjs=3
모빌리티 부문 경력,현대오토에버,서울 강남구,/rc/clk?jk=8da3126d27626076&fccid=d5a22a3e93377742&vjs=3
2021 디지털 뉴딜·수출 중소기업 X 청년 일자리 엑스포,신용보증기금,대한민국,/rc/clk?jk=063c109f9283ef14&fccid=10410e0781dffad5&vjs=3
[데이터 플랫폼]서비스 데이터 엔지니어(전문연구요원 가능),버즈니,서울,/rc/clk?jk=ceb8243bc8ae3c35&fccid=a72d6e5a17d52b40&vjs=3
[더블유게임즈 자회사] 기획/디자인/개발/데이터분석,더블다운인터액티브,서울 강남구,/rc/clk?jk=b6eea437d4af95fd&fccid=2ad0263d9226f7a5&vjs=3
Process Information & Control Enginer ( 2022년 2월 졸업예정자 지원 가능...,3M,전라남도,/rc/clk?jk=bb24a041990cd42a&fccid=595d42593839d3a2&vjs=3
인프라보안 엔지니어,NHN,성남 판교역,/rc/clk?jk=4022f49bc50ef230&fccid=a72ebaf825acf7af&vjs=3
Market Research 담당자 채용,매일유업,서울 중학동,/rc/clk?jk=287f5f422c269849&fccid=a2c014ab9da5edfb&vjs=3
Consulting Engineer (Full Time) - Korea,Cisco Systems,서울,/rc/clk?jk=d7527395199fd664&fccid=dfc44f3b8c44a6db&vjs=3
[Language AI R&D] AI 플랫폼 엔지니어 모집,엔씨소프트,성남 판교역,/rc/clk?jk=5e18a9cc07f67185&fccid=a1e4e21b1f33cf40&vjs=3
"S/W 엔지니어, 데이터분석 신입/경력 정규직, 인턴",가치랩스,성남 분당구,/rc/clk?jk=5ea9ea023c6ccc03&fccid=2c37c13a0926862d&vjs=3
AI Engineer : 의료 영상 데이터 활용 딥러닝 알고리즘 개발,테서,서울 강남구,/rc/clk?jk=3ad6a46b279e6302&fccid=1730ddcac9f5beae&vjs=3
(주)한라홀딩스 해외영업/냉장사업/IT 경력사원 (11/30),한라홀딩스,서울,/rc/clk?jk=be7e32ad4eb08467&fccid=afd0419ac957beba&vjs=3
Anti-Piracy(콘텐츠 불법 유통 방지) 엔지니어,네이버,서울,/rc/clk?jk=805a042a5ac51bff&fccid=412ff571bced2587&vjs=3
"교육 기획/운영, 시스템 기획",매직에코,서울 성동구,/rc/clk?jk=9f0ce22eee4259bb&fccid=9f79764f53fd4ade&vjs=3
카카오 데이터의 가치를 발굴할 데이터 분석가 모집,카카오,성남 판교역,/rc/clk?jk=2b2dcd3ffe3d53df&fccid=32b9af632cf3b9f9&vjs=3
[앱개발] 안드로이드 앱개발(백엔드/블록체인),라젠,광주 동구,/rc/clk?jk=82a3928e47331df5&fccid=120832ec7a44d293&vjs=3
Data Engineer & Scientist,LG전자,서울 영등포구,/rc/clk?jk=fa5ac3825b577cf6&fccid=9702ca14c9a11940&vjs=3
Developer / Designer recruit,마이뮤직테이스트,서울 논현동,/rc/clk?jk=55a19c92c845685e&fccid=74d05cee5b52f133&vjs=3
"[데이터 분석가, 데이터 사이언티스트 (신입/경력)]",인피니그루,서울 성동구,/rc/clk?jk=441d45a99d2ff14d&fccid=f6a042af87d68b38&vjs=3
로봇 회로 펌웨어 등 HW 및 SW 연구개발,웨어러블 로봇개발 벤처기업,서울 성동구,/company/%EC%9B%A8%EC%96%B4%EB%9F%AC%EB%B8%94-%EB%A1%9C%EB%B4%87%EA%B0%9C%EB%B0%9C-%EB%B2%A4%EC%B2%98%EA%B8%B0%EC%97%85/jobs/%EB%A1%9C%EB%B4%87-%ED%9A%8C%EB%A1%9C-%ED%8E%8C%EC%9B%A8%EC%96%B4-%EB%93%B1--a25bc323bfe60187?fccid=a6a2cb60b8f19368&vjs=3
Data Scientist,중견 코스닥상장 기업 / 700명 / 7000억 규모,서울 여의도역,/rc/clk?cmp=%EC%A4%91%EA%B2%AC-%EC%BD%94%EC%8A%A4%EB%8B%A5%EC%83%81%EC%9E%A5-%EA%B8%B0%EC%97%85-%2F-700%EB%AA%85-%2F-7000%EC%96%B5-%EA%B7%9C%EB%AA%A8&ti=&jk=15ef2e84bd2ba0cd&fccid=a6a2cb60b8f19368&vjs=3
Operations Associate - Remote - Crypto/Fintech,Kraken Digital Asset Exchange,,/company/Kraken-Digital-Asset-Exchange/jobs/Operations-Associate-22fd5b99c266e7b9?fccid=fc7b3a033fd34a37&vjs=3
컴퓨터비전 개발자 경력 정규직,라이트비전,서울 성동구,/rc/clk?jk=0dce0c1ece788310&fccid=e391d8e930358bac&vjs=3
데이터 사이언티스트 모집,카카오,성남 판교역,/rc/clk?jk=0064deb5fa9cbce0&fccid=32b9af632cf3b9f9&vjs=3
Machine Learning R&D 연구원,카이어,서울 서초구,/rc/clk?jk=19da3484bd7a72f1&fccid=908ef26c4dd7595f&vjs=3
대기업 딥러닝 기반 영상처리 개발자 (판교),인파트너스,서울,/rc/clk?jk=1aa299b7e2ed3100&fccid=e65c7a7fd4f89d1c&vjs=3
A.I 인공지능 개발 경력직,파이프트리스마트팜,서울 송파구,/rc/clk?jk=f0db02b55ac0f284&fccid=91264d1b241643c2&vjs=3
[진행중] 우리은행 AI사업부 전문직(인공지능 알고리즘) 채용공고,우리은행,서울 회현동,/rc/clk?jk=83ac30b1574b7209&fccid=bb52ef09d63c98fb&vjs=3
[유통 대기업] Business Analyst(비지니스분석가) 과차장급,에이치알니즈,서울,/rc/clk?jk=0e25160b5a1d095f&fccid=b8c1027d6dda0525&vjs=3
[강남/스타트업] 에이스랩 자율주행 엔지니어,에이스랩,서울 강남구,/rc/clk?jk=b6d169aa029a45a6&fccid=7c9b5852f21bdea3&vjs=3
[SNOW] 렌더링 엔진 개발자,네이버,서울,/rc/clk?jk=6e3e9ded8ef82d9f&fccid=412ff571bced2587&vjs=3
AI Research Engineer - Intel Contract,Intel,서울,/rc/clk?jk=915b6c68628695d6&fccid=936367796261bd6e&vjs=3
솔루션(웹/서버/통신) 프로그램 개발,잇팩,서울 중구,/rc/clk?jk=f384026e8fdd4b35&fccid=068c57fb95dddc29&vjs=3
Operations Associate - Remote - Crypto/Fintech,Kraken Digital Asset Exchange,,/company/Kraken-Digital-Asset-Exchange/jobs/Operations-Associate-22fd5b99c266e7b9?fccid=fc7b3a033fd34a37&vjs=3
[신규프로젝트] Technical Artist 모집,엔씨소프트,성남 판교역,/rc/clk?jk=688c74a2d55f16f6&fccid=a1e4e21b1f33cf40&vjs=3
"주식운용,AI개발자 인턴 및 경력직(마감일~11.28)",씨앗자산운용,서울 신논현역,/rc/clk?jk=d91f63e0f29533f7&fccid=b22e9a99a7990e50&vjs=3
11번가 검색서비스 개발 분야,십일번가,서울 강남구,/rc/clk?jk=140254d1a470d1c9&fccid=54911ff2dce6c429&vjs=3
[2021년 대중소기업 상생 일자리 프로그램] SK하이닉스 사업단 협력사 - 주식회사 미코,미코,경기도 안성,/rc/clk?jk=c01b5547feadb2ab&fccid=cfed3a88579b0a35&vjs=3
DB Engineer 모집,카카오,성남 판교역,/rc/clk?jk=6100350a5169a606&fccid=32b9af632cf3b9f9&vjs=3
[환경가전 대기업] DBA (전사 데이터베이스(DBMS) 운영 및 엔지니어링) (대리~과장급),커리어라임즈,서울 구로구,/rc/clk?jk=de5a27cec9f56027&fccid=f670eab2debfac5c&vjs=3
Data Engineer & Scientist,LG전자,서울 영등포구,/rc/clk?jk=fa5ac3825b577cf6&fccid=9702ca14c9a11940&vjs=3
[전문연구요원 신규편입/전직] 의료영상/음성인식/생체신호 연구원,뷰노코리아,서울 서초구,/rc/clk?jk=40de6a4b81f8724f&fccid=282d63dcd74d554d&vjs=3
[국비무료/취업연계] 실무프로젝트 기반 빅데이터/인공지능 연수생,아시아경제,서울 중구,/rc/clk?jk=b8a2b010d89dd12a&fccid=fee79df29c4575c5&vjs=3
A.I 인공지능 개발 경력직,파이프트리스마트팜,서울 송파구,/rc/clk?jk=f0db02b55ac0f284&fccid=91264d1b241643c2&vjs=3
TOAST CAM AI 개발 담당자,NHN,성남 판교역,/rc/clk?jk=55e2f1523d6bd078&fccid=a72ebaf825acf7af&vjs=3
[KSTEC] SW 프로그래머 경력사원,지식시스템,성남 분당구,/rc/clk?jk=0e18de206fb62a7a&fccid=3061a9a0f5168def&vjs=3
Software Engineer - Front-End,"Seoul Robotics Co., Ltd.",서울,"/company/Seoul-Robotics-Co.,-Ltd./jobs/Software-Engineer-4c3ba5f4766e22be?fccid=0c11deb7cb257ce0&vjs=3"
[AI/Lab] AI 백엔드 엔지니어 (전문연구요원 가능),버즈니,서울,/rc/clk?jk=dbe3257e487e5814&fccid=a72d6e5a17d52b40&vjs=3
[인재풀] 아티스트,Electronic Arts,서울,/rc/clk?jk=aac8e9355cb855ac&fccid=617d7f961cfcf54a&vjs=3
[더블유게임즈 자회사] 기획/디자인/개발/데이터분석,더블다운인터액티브,서울 강남구,/rc/clk?jk=b6eea437d4af95fd&fccid=2ad0263d9226f7a5&vjs=3
[문화기술연구소] IBD 연구실 시간제 위촉연구원 채용,카이스트,대전 유성구,/rc/clk?jk=ed8c6b1d14f6e854&fccid=fa74dbe28e96a04f&vjs=3
Korea - Lead Data Analyst,Nike,서울,/rc/clk?jk=0b8954820c552c3b&fccid=2c62e4de04b8f952&vjs=3
금융 AI 기술 연구 개발자 모집,엔씨소프트,성남 판교역,/rc/clk?jk=afd757e2243175cb&fccid=a1e4e21b1f33cf40&vjs=3
Market Research 담당자 채용,매일유업,서울 중학동,/rc/clk?jk=287f5f422c269849&fccid=a2c014ab9da5edfb&vjs=3
"Application Support, Cash Equity & Derivatives, Associate","JPMorgan Chase Bank, N.A.",서울,/rc/clk?jk=dbfb048b82f2a83b&fccid=aaf3b433897ea465&vjs=3
Vocational Training Program Intern (Developer/Researcher Rol...,SAP,서울,/rc/clk?jk=491825f5ab472f79&fccid=156c7820d1988640&vjs=3
TikTok Content Strategy Manager,TikTok,서울,/rc/clk?jk=3b0b25d7cdb97839&fccid=caed318a9335aac0&vjs=3
NLP Researcher,AITRICS,서울,/rc/clk?jk=3cf01580ba5eb23a&fccid=9be12e4be3d1efa6&vjs=3
[데이터전략팀] 전사 데이터 포털 운영 담당자,심플렉스,서울 동작구,/rc/clk?jk=5ca7c0e87bb47fa5&fccid=a792f668ea278019&vjs=3
"Machine Learning - iOS Software Engineer,",Apple,서울,/rc/clk?jk=78526735d90a85b9&fccid=c1099851e9794854&vjs=3
(주)엘솔루 R&D본부 ASR팀 개발직,㈜엘솔루,서울,/rc/clk?jk=51d1df9a3cfbe418&fccid=35c61db9f1514baf&vjs=3
딥러닝 개발자 정규직,바이오에이아이,서울 강남구,/rc/clk?jk=5b2574aec8e1d083&fccid=9bfd5ec15f64fd72&vjs=3
"Staff Software Engineer, Maps & Navigation, Seoul, Korea",Tesla,서울,/rc/clk?jk=44f16e94e3e6b589&fccid=86e9be6ce380173e&vjs=3
"웹개발, 백엔드 외 경력 정규직",핀후드,서울 성동구,/rc/clk?jk=28b343c3943a7dca&fccid=d760beaf4004c8a8&vjs=3
Sr. Back-end Engineer (Python),Soomgo,서울 강남구,/rc/clk?jk=752a4b5d63eac97c&fccid=f9a401b2af6cde91&vjs=3
"Student Training in Engineering Program, 2021, People with D...",Google,서울,/rc/clk?jk=76ef0d2df960b0f6&fccid=a5b4499d9e91a5c6&vjs=3
MLOps Engineer(경력),네이버,서울,/rc/clk?jk=e28a6673c8eb777d&fccid=412ff571bced2587&vjs=3
서비스 데이터 분석가 모집,엔씨소프트,성남 판교역,/rc/clk?jk=5c53fa993648eafe&fccid=a1e4e21b1f33cf40&vjs=3
[2022 전문연구요원] Programming - 서비스 플랫폼 개발,엔씨소프트,성남 판교역,/rc/clk?jk=aad13961b12efb3d&fccid=a1e4e21b1f33cf40&vjs=3
[외국계 스타트업 미소] Data Analyst,유한회사 미소,서울,/rc/clk?jk=ec5c7ccd76639120&fccid=02936474a8d39137&vjs=3
Data Scientist,중견 코스닥상장 기업 / 700명 / 7000억 규모,서울 여의도역,/rc/clk?cmp=%EC%A4%91%EA%B2%AC-%EC%BD%94%EC%8A%A4%EB%8B%A5%EC%83%81%EC%9E%A5-%EA%B8%B0%EC%97%85-%2F-700%EB%AA%85-%2F-7000%EC%96%B5-%EA%B7%9C%EB%AA%A8&ti=&jk=15ef2e84bd2ba0cd&fccid=a6a2cb60b8f19368&vjs=3
Software Engineer,Intel,서울,/rc/clk?jk=ff27ef03ddc73690&fccid=f1374be6a45f4b8a&vjs=3
[대형보험사] 클라우드 어플리케이션 아키텍트(AA),커리어라임즈,서울,/rc/clk?jk=8c833a4bed4e5070&fccid=f670eab2debfac5c&vjs=3
[반도체IP 전문기업] HW Engineer,커리어라임즈,서울 강남구,/rc/clk?jk=07361b6974643f64&fccid=f670eab2debfac5c&vjs=3
2021년 하반기 정보보안 엔지니어 - 취약점 파트,인섹시큐리티,서울 금천구,/rc/clk?jk=c4537b75074ce7b4&fccid=eca3ed7a6170dfe7&vjs=3
블록체인 개발자 정규직,위고컴퍼니,서울 서초구,/rc/clk?jk=78e60b46798396d2&fccid=32f112a2173f5468&vjs=3
[신입/경력] 의료영상/음성인식/생체신호 연구원,뷰노코리아,서울 서초구,/rc/clk?jk=c35e9b72a11aa338&fccid=282d63dcd74d554d&vjs=3
컴퓨터비전 개발자 경력 정규직,라이트비전,서울 성동구,/rc/clk?jk=0dce0c1ece788310&fccid=e391d8e930358bac&vjs=3
Consulting Engineer (Full Time) - Korea,Cisco Systems,서울,/rc/clk?jk=d7527395199fd664&fccid=dfc44f3b8c44a6db&vjs=3
[Audit] IA본부 시스템 데이터 분석 전문가 채용,삼정 KPMG,서울 강남구,/rc/clk?jk=7abc40bcaebd62cd&fccid=7651bf7c7525e8f6&vjs=3
[포티투마루] 인공지능(AI) 개발자 전 부문,포티투마루,서울 서초구,/rc/clk?jk=22ffe020e40de675&fccid=b6cebf2e7d619f07&vjs=3
"인공지능(AI), 머신러닝(ML) 외 경력 정규직",시스메틱,서울 영등포구,/rc/clk?jk=f0fa048255eee14e&fccid=6cc748c560420a2e&vjs=3
Python 기반 빅데이터 처리 개발자,드림어스컴퍼니,서울 서초구,/rc/clk?jk=ea2ab43c3a607fb1&fccid=d5dc18a57ad82f07&vjs=3
Industrial AI Algorithm Researcher(Data Scientist),고영테크놀러지,수원 영통구,/rc/clk?jk=4ceae2829c89df04&fccid=a13dce9f83ee80a9&vjs=3
"Software Engineer - Algorithm, C++","Seoul Robotics USA, Inc.",서울,"/company/Seoul-Robotics-USA,-Inc./jobs/Software-Engineer-052c7a57fd9e38bc?fccid=0c11deb7cb257ce0&vjs=3"
ADAS카메라 System SW개발 경력인재 [자동차부품 우량대기업],에스에프인촌,서울,/rc/clk?jk=7c3ab1b710eed134&fccid=629bf66c8ed71fe3&vjs=3
마케팅 데이터 분석가 영입,카카오페이,성남 백현동,/rc/clk?jk=97062eda1e80d8ec&fccid=c3aa6121be03065c&vjs=3
[반도체IP 전문기업] SW Engineer,커리어라임즈,서울 강남구,/rc/clk?jk=35192d4ae81433d4&fccid=f670eab2debfac5c&vjs=3
각 분야별 인재 Pool 등록,지투알,서울,/rc/clk?jk=a64e1e21f61265ce&fccid=bc5ebec5dc29475c&vjs=3
관리직 경력사원 공개채용,경동나비엔,서울 여의도,/rc/clk?jk=a82e3922c29d3373&fccid=3f3b5c7b0119014b&vjs=3
BackEnd Engineer,Streami,서울,/company/Streami/jobs/Backend-Engineer-3822d1c0cf5cb8db?fccid=7c75d6b5108ae19c&vjs=3
영상의학과 연구원 (2개월 단기 근무),서울대학교병원,서울 종로구,/rc/clk?jk=820d5faf015296e1&fccid=1b1ab7cdfbe170ef&vjs=3
국내 대기업 - 고객 데이터분석 포지션,라피플코리아리미티드,서울,/rc/clk?jk=75c348600e4ba140&fccid=28f5722fca6f5b12&vjs=3
[대형보험사] 신사업부문 Test Engineer (대리급),커리어라임즈,서울 영등포구,/rc/clk?jk=af4e6600ee5aa6c9&fccid=f670eab2debfac5c&vjs=3
대기업 딥러닝 기반 영상처리 개발자 (판교),인파트너스,서울,/rc/clk?jk=1aa299b7e2ed3100&fccid=e65c7a7fd4f89d1c&vjs=3
[정규직] 기술지원(FAE),리버트론,서울 영등포구,/rc/clk?jk=cf69b3f7a651299d&fccid=66a108e9e367b7fe&vjs=3
[DB금융투자] 2021년 하반기 신입사원 모집,DB그룹,서울 대치동,/rc/clk?jk=109c5533ffdaaa84&fccid=58d90fb31d5feb8b&vjs=3
Anti-Piracy(콘텐츠 불법 유통 방지) 엔지니어,네이버,서울,/rc/clk?jk=805a042a5ac51bff&fccid=412ff571bced2587&vjs=3
2021년 AI 특화 맞춤형 교육과정 교육생,솔트룩스,전라남도,/rc/clk?jk=48a124b20ee34e2b&fccid=eb74805cb9fd733e&vjs=3
Linux/Python/PHP/MySQL/백엔드 정규직 경력,일루미나리안,용인 보정동,/rc/clk?jk=04d685fc70b67d4e&fccid=f29c2f5a0f8ffa9d&vjs=3
2021년도 제1직원(석사급 연구원 및 행정원),한국행정연구원,서울,/rc/clk?jk=51694a500e784a31&fccid=5b2cc4c57708ca88&vjs=3
[신규프로젝트] 차세대 콘솔 TA 모집,엔씨소프트,성남 판교역,/rc/clk?jk=dbcbfb55a2d07c2b&fccid=a1e4e21b1f33cf40&vjs=3
동국대학교 데이터분석팀 연구원(계약직) 채용공고,동국대학교,서울 필동,/rc/clk?jk=409c1253b2dde75b&fccid=6ac3cfa16b53bc51&vjs=3
[코그넥스] 딥러닝 연구원 (신입/경력/전문연구요원),코그넥스코리아,서울 서초구,/rc/clk?jk=5331de34a85a125a&fccid=7f7147b8b1872604&vjs=3
(주)엘솔루 음성인식팀 개발직,㈜엘솔루,서울,/rc/clk?jk=b99fdac1ecbccb28&fccid=35c61db9f1514baf&vjs=3
"Solns Engineer, Intermediate",Keysight Technologies,서울,/rc/clk?jk=0c69a0f5b32db8a2&fccid=d072500b76ca23c2&vjs=3
AI Research Engineer - Intel Contract,Intel,서울,/rc/clk?jk=915b6c68628695d6&fccid=936367796261bd6e&vjs=3
카카오 전체의 계정 플랫폼을 만들 서버개발자 모집,카카오,성남 판교역,/rc/clk?jk=1399ee2f387a27dd&fccid=32b9af632cf3b9f9&vjs=3
데이터 분석,아프리카TV,경기도 성남,/rc/clk?jk=7fdcd7a7457b1e93&fccid=bc48816053af06b3&vjs=3
[제약 벤처] 연구원 초빙 (선임-수석연구원),BOB네트웍스,성남 분당구,/rc/clk?jk=f7cd55622750d778&fccid=6c389097acd73020&vjs=3
CRM 및 마케팅 데이터분석 담당자 - 국내 대기업 계열사,라피플코리아리미티드,서울,/rc/clk?jk=7fe0c284fbf4045f&fccid=28f5722fca6f5b12&vjs=3
"금융 데이터 분석 엔진, 로보어드바이저 개발자",에스비씨엔,서울 영등포구,/rc/clk?jk=649ccf047c868778&fccid=7c743c071619900d&vjs=3
빅데이터 플랫폼/분석 솔루션 개발자/엔지니어/운영자,비코어,서울 중구,/rc/clk?jk=ae64d6a67aab13ca&fccid=5430284514609416&vjs=3
[입사축하금100만원] 데이터사이언티스트 / HW / BSP 개발 경력,카비,서울 금천구,/rc/clk?jk=bf0d357cec112758&fccid=5da90069fb31613f&vjs=3
자연어처리전문가 금융챗봇 만들어 갈 엔지니어,파운트,서울 충정로역,/rc/clk?jk=a50fce6cc2cb57c9&fccid=df5e7ec512668ebf&vjs=3
"사물인터넷(IoT) 개발, 메카트로닉스 외 신입/경력 정규직",리쉐니에,수원 영통구,/rc/clk?jk=ae185a03d7b8f71e&fccid=d55be083bace92b5&vjs=3
빅데이터팀(BI개발) 경력직 (서울 본사) - 11월지원,주)코웨이,서울 구로구,/rc/clk?jk=2422efa837502f25&fccid=df92c6418d762e6e&vjs=3
파이썬 개발자 초중급 이상,데이터앤솔루션,서울 서초구,/rc/clk?jk=d158e683dc0b7500&fccid=02f32b94107c54e3&vjs=3
Data Scientist (IBM Client Engineering),한국아이비엠,서울 영등포구,/rc/clk?jk=2a75965b8e868fb8&fccid=6a140d57f361e18b&vjs=3
추천 시스템 소프트웨어 엔지니어,카카오,성남 판교역,/rc/clk?jk=07375dc4e800dfa9&fccid=32b9af632cf3b9f9&vjs=3
추천 시스템 연구/개발,카카오,성남 판교역,/rc/clk?jk=be6c1f03fa566f8e&fccid=32b9af632cf3b9f9&vjs=3
"HTML5 교육용 캐주얼, 퍼즐 게임 클라이언트 개발자",BM PHR,서울,/rc/clk?jk=4495f14bbe10de66&fccid=7cb2a3e8ca0d944f&vjs=3
침해사고 대응,NHN,성남 판교역,/rc/clk?jk=06d133676285b02e&fccid=a72ebaf825acf7af&vjs=3
IT 개발 총 책임자,핀후드,서울 성동구,/rc/clk?jk=5fc53d8ce25c05f7&fccid=d760beaf4004c8a8&vjs=3
[NAVER Cloud] Security Engineer 취약점 분석,네이버클라우드,성남 분당구,/rc/clk?jk=2c1cb04522f89c75&fccid=54815931228b42c0&vjs=3
연구개발부 생명정보부문 석사졸연구원 신입/경력 정규직,카이팜,서울 서대문구,/rc/clk?jk=686c8cf8b082fbc1&fccid=9778b7ea9c8b85ae&vjs=3
Technical Enablement Manager,DataDog,서울,/rc/clk?jk=ce7849f8b35e1c3e&fccid=448951d0ddf03e0c&vjs=3
[경력] 하둡 플랫폼 서비스 개발자 모집,카카오,성남 판교역,/rc/clk?jk=8fa17c6073918c5b&fccid=32b9af632cf3b9f9&vjs=3
서버 백 엔드 개발자,셀메이트,서울 마포구,/rc/clk?jk=5c6fe384fabdbd45&fccid=23b5948755dc311c&vjs=3
AI 연구 및 개발 직군 모집,넷마블,서울 구로구,/rc/clk?jk=56add096e14a7879&fccid=e696d83fde5c0f20&vjs=3
모빌리티 부문 경력,현대오토에버,서울 강남구,/rc/clk?jk=8da3126d27626076&fccid=d5a22a3e93377742&vjs=3
DevSecOps Engineer,한국아이비엠,서울 영등포구,/rc/clk?jk=5d809bda3182ab58&fccid=6a140d57f361e18b&vjs=3
퍼즐데이터 역량있는 데이터 분석가,주식회사퍼즐데이터,서울 역삼동,/rc/clk?jk=116009dbf59211ed&fccid=bbae7241cc714540&vjs=3
[데이터 플랫폼]서비스 데이터 엔지니어(전문연구요원 가능),버즈니,서울,/rc/clk?jk=ceb8243bc8ae3c35&fccid=a72d6e5a17d52b40&vjs=3
채용전제형 인턴십 모집,이베스트투자증권,서울 여의도역,/rc/clk?jk=2165954253e0cd92&fccid=3e0e7a7b61ade699&vjs=3
Wind Resource Analyst Offshore (KR),RWE Renewables Korea LLC,서울,/rc/clk?jk=b1df05a19043bcc0&fccid=0c99d2e761f9e312&vjs=3
데이터 사이언티스트 및 엔지니어,NHN,성남 판교역,/rc/clk?jk=6f4889537af98046&fccid=a72ebaf825acf7af&vjs=3
"웹개발, 백엔드 외 신입/경력 정규직",코인챗,서울 강남구,/rc/clk?jk=e3f3b7e2103d9bc7&fccid=e60f835b4d91f8e6&vjs=3
정보보안팀 정보보호 담당자 채용 (경력),삼정 KPMG,서울 강남구,/rc/clk?jk=44c10b6ee53ba13a&fccid=7651bf7c7525e8f6&vjs=3
System SW 엔지니어,딥엑스,성남 분당구,/rc/clk?jk=fc037709d0770796&fccid=e34932b8232a173b&vjs=3
[Mobile Analytics] Data Analyst (2년 이상),크래프톤,서울 강남구,/rc/clk?jk=ca82d4dc1dc447a6&fccid=0aeb279b74dee723&vjs=3
Junior Quant Trader,Byzantine Partners,서울,/rc/clk?jk=25725b3c0e607311&fccid=1dbfd8df05517391&vjs=3
[경영진단실] Sr. Business Assessment Specialist (5년 이상),크래프톤,서울 강남구,/rc/clk?jk=513c82ed5c56051c&fccid=0aeb279b74dee723&vjs=3
Mid-level or Associate Software Engineers (AvionX Software),BOEING,서울,/rc/clk?jk=c47999ae12a5775d&fccid=edae4285faf6c2f0&vjs=3
Data Center Operations Engineer,Amzn Corporate Services Korea,서울,/rc/clk?jk=dbe378bbafdf4027&fccid=fe2d21eef233e94a&vjs=3
"머신러닝, 데이터분석 외 경력 정규직",에임즈인터내셔널코리아,서울 강남구,/rc/clk?jk=95946773d4816f0d&fccid=0c6e17e1bea58b72&vjs=3
AI 분야 경력,LG CNS,서울,/rc/clk?jk=59db18a2366b2c92&fccid=9635ff240e3de5f6&vjs=3
규제/리스크/회계 시스템 담당자,케이뱅크은행,서울 중학동,/rc/clk?jk=f8638f3b69d8623e&fccid=5c3222a7b96c49cc&vjs=3
펌웨어&어플리케이션 S/W 경력자 정규직,TPC메카트로닉스,인천,/rc/clk?jk=f80e3683e51edd56&fccid=737ba587a561bd1d&vjs=3
"펌웨어, 소프트웨어 외 경력 정규직",파이프트리스마트팜,서울 송파구,/rc/clk?jk=bbb49ae0b019afe4&fccid=91264d1b241643c2&vjs=3
[Language AI R&D] AI 플랫폼 엔지니어 모집,엔씨소프트,성남 판교역,/rc/clk?jk=5e18a9cc07f67185&fccid=a1e4e21b1f33cf40&vjs=3
[웹젠] DBA(경력),웹젠,성남 분당구,/rc/clk?jk=80a934b50778b4d9&fccid=6e2a9dddd86c4648&vjs=3
AI R&D 데이터플랫폼 엔지니어 모집,엔씨소프트,성남 판교역,/rc/clk?jk=0f502079be47bcfe&fccid=a1e4e21b1f33cf40&vjs=3
Computer Vision SW 개발자,고영테크놀러지,수원 영통구,/rc/clk?jk=9a784be21af68ffe&fccid=a13dce9f83ee80a9&vjs=3
카카오 전사 QA 모집,카카오,성남 판교역,/rc/clk?jk=a2b38b230474e622&fccid=32b9af632cf3b9f9&vjs=3
[서울게임아카데미] 게임개발분야 국기 교육생,서울게임,서울 종로구,/rc/clk?jk=28e8827913a5a90b&fccid=32670c8b4a3f5f5a&vjs=3
[KREAM] Server 개발자,크림,성남 분당구,/rc/clk?jk=dc3cf3a8897f1c3a&fccid=146c028635667214&vjs=3
서버개발자(벡앤드) 정규직,오비이랩,서울 강남구,/rc/clk?jk=df228c302c3c8f9b&fccid=715de450eed29374&vjs=3
연구소 개발자 (HW 및 FW 개발/ AI연구개발/임베디드 SW개발/MFC기반 SW 개발),웹게이트,경기도 군포,/rc/clk?jk=41584240cacec535&fccid=f71d39d756020fd2&vjs=3
소프트웨어 개발자 신입 / 경력직 채용,네이버시스템(주) 관심기업,서울 가락동,/rc/clk?jk=dbe0729882fd8763&fccid=b2d34cff3ae799a2&vjs=3
[INEEJI 인공지능연구소] AI 예측 전문기업 개발팀원,인이지,성남 분당구,/rc/clk?jk=6825074ac2d6f4ad&fccid=8a0714879bbe4b76&vjs=3
프랭클린템플턴투신운용 Junior Trader (Quant base 필수),프랭클린템플턴투신,대한민국,/rc/clk?jk=4adac8923476d038&fccid=bab92f71c1e85edd&vjs=3
셀프 인테리어 위한 AI 플랫폼 서비스 개발자,서르,성남 분당구,/rc/clk?jk=0a57a69a13126ff5&fccid=07eadb4558c294cb&vjs=3
위시켓과 함께할 서버개발자님,위시켓,서울 강남구,/rc/clk?jk=a3a65a4d59061430&fccid=533c91503ff32d48&vjs=3
Expat: Experimental Physicist Tuning and Monitoring,IMS Nanofabrication,경기도 화성,/rc/clk?jk=c5a2d1029018e4ba&fccid=7e545d7535e24baa&vjs=3
DT 신입사원 채용,고려해운,서울 남대문로,/rc/clk?jk=0f7029bab640fc30&fccid=e0ad989161d15b93&vjs=3
대학생인턴십 2기 모집,LG에너지솔루션,서울 영등포구,/rc/clk?jk=d1d26bc871719fe2&fccid=e3653632e61fd408&vjs=3
Software Engineer,UJET,서울,/rc/clk?jk=30e17a7d8ce9d4d4&fccid=1203b76560f79f17&vjs=3
eBeam System Engineer for R&D Extension Korea,Applied Materials Inc.,경기도 화성,/rc/clk?jk=3e1b8e1243910f18&fccid=6c6f37e2a6cb4c55&vjs=3
"Staff, Data Analyst (Service Design Excellence)",Coupang,서울,/rc/clk?jk=7af707403f972a7c&fccid=56e12959d04ef145&vjs=3
Measurement Engineer,DNV,서울,/rc/clk?jk=59582c9dff81a2b4&fccid=621355d16566db19&vjs=3
로보틱스 소프트웨어 엔지니어 경력 정규직,로보아르테,서울 강남구,/rc/clk?jk=de766edcc2cea201&fccid=bfa3853b4e83c882&vjs=3
카카오 광고 최적화 연구 및 개발,카카오,성남 판교역,/rc/clk?jk=b0e39e829a425353&fccid=32b9af632cf3b9f9&vjs=3
Job Posting Title Deep Learning Researcher,Cognex Corporation,서울,/rc/clk?jk=95fcfab87b9906bd&fccid=10262ed586a63244&vjs=3
공무(실증플랜트) 신입사원 모집,GS칼텍스,서울 역삼동,/rc/clk?jk=64762c9268719c2e&fccid=f152288f3dcf6e51&vjs=3
2021년 상반기 R&D 개발자 (병역특례 가능/경력 무관),네오스텍,인천 연수구,/rc/clk?jk=754be9e3d78fa802&fccid=6ec20471817e2f20&vjs=3
[TmaxAI/R&D] WAPL Pay Back-end 개발자 경력직,티맥스그룹,성남 분당구,/rc/clk?jk=8c815812b9397c9e&fccid=7fd4ab5b8a5f28f4&vjs=3
[아이콘트롤스] 2020년 경력 직원 (기술연구소) 연구개발부문,HDC아이콘트롤스,성남 분당구,/rc/clk?jk=63bd0323ac917d78&fccid=9c334df5513649f0&vjs=3
CDN / Cloud 서비스 매니저 사원,씨디네트웍스,서울 강남구,/rc/clk?jk=1973de0152f80756&fccid=6510d9ba2c683a48&vjs=3
가상화 엔지니어 정규직,다원커리어,서울 서초구,/rc/clk?jk=3e7b756ca8ec169f&fccid=37990b5beed1fd68&vjs=3
[2022 전문연구요원] AI R&D - Speech AI,엔씨소프트,성남 판교역,/rc/clk?jk=ffed458dd6df1a30&fccid=a1e4e21b1f33cf40&vjs=3
[무료교육/취업연계] 딥브레인AI 아카데미 풀스택 교육생,머니브레인,서울,/rc/clk?jk=89bd1dcd06dea855&fccid=928e065b762ec631&vjs=3
[정보보호기술] 클라우드 보안기술 개발자,카카오뱅크,성남 삼평동,/rc/clk?jk=a5c4cc2e1637728c&fccid=a8ac43179956a6aa&vjs=3
Software Engineer- Python,"JPMorgan Chase Bank, N.A.","Houston, TX",https://stackoverflow.com/jobs/559383
Python Software Engineer (Quant Trading Firm),"Old Mission Capital, LLC","Chicago, IL",https://stackoverflow.com/jobs/528807
Senior Python Software Engineer,"JPMorgan Chase Bank, N.A.","Jersey City, NJ",https://stackoverflow.com/jobs/559893
Python Full-Stack Software Engineer,Steeprock Inc,No office location,https://stackoverflow.com/jobs/530560
Senior Backend Engineer - Python,Cornershop,"São Paulo, Brazil",https://stackoverflow.com/jobs/515697
Full Stack Developer (Python / React),Elorus,"Athens, Greece",https://stackoverflow.com/jobs/551867
Software Developer (Python),Picnic,"Amsterdam, Netherlands",https://stackoverflow.com/jobs/292346
Software Engineer - Python,"JPMorgan Chase Bank, N.A.","Jersey City, NJ",https://stackoverflow.com/jobs/559492
Backend Software Engineer: Python/ Java (m/f/d),creditshelf,"Frankfurt am Main, Deutschland",https://stackoverflow.com/jobs/219940
Python Software Developer,EODC GmbH,"Wien, Österreich",https://stackoverflow.com/jobs/496568
Principal Python Engineer,ComplyAdvantage,"London, UK",https://stackoverflow.com/jobs/504216
Software Engineer - Python/C++,"JPMorgan Chase Bank, N.A.","Houston, TX",https://stackoverflow.com/jobs/558994
Python Engineer,McD Tech Labs,"Mountain View, CA",https://stackoverflow.com/jobs/534766
Python Developer,"JPMorgan Chase Bank, N.A.","Columbus, OH",https://stackoverflow.com/jobs/557786
Sr. Full Stack Engineer- Python,AutoTrader,"Toronto, ON, Canada",https://stackoverflow.com/jobs/529021
Senior Backend (Python / Django) Engineer (m/f/x),Alasco,"München, Germany",https://stackoverflow.com/jobs/559740
Backend Engineer (Python),Zattoo,"Berlin, Germany",https://stackoverflow.com/jobs/556298
Backend Engineer (Python/ Django),Sector Labs,"Dubai, United Arab Emirates",https://stackoverflow.com/jobs/518496
Python Software Engineer - International growing scale-up!,Channable,"Utrecht, Netherlands",https://stackoverflow.com/jobs/265091
Software Engineer for Group Risk Solutions (all genders) #python #bash,Erste Group,"Wien, Österreich",https://stackoverflow.com/jobs/560394
Python Software Engineer,"JPMorgan Chase Bank, N.A.","Houston, TX",https://stackoverflow.com/jobs/559793
Python Software Engineer (Data Pipeline),Bloomreach,No office location,https://stackoverflow.com/jobs/524987
Python Software Engineer - Global Rates Technology - Vice President,"JPMorgan Chase Bank, N.A.","Glasgow, UK",https://stackoverflow.com/jobs/557228
Back-end developer (Python),Nolk,"Montreal, QC, Canada",https://stackoverflow.com/jobs/547896
Python Developer (Remote),Finsera,No office location,https://stackoverflow.com/jobs/524065
C++ and Python software engineers - Metrology,ASML,"Veldhoven, Netherlands",https://stackoverflow.com/jobs/523429
Python Software Engineer (Athena Rates Technology),"JPMorgan Chase Bank, N.A.","London, UK",https://stackoverflow.com/jobs/560037
Python Software Engineer - Global Rates Technology - Vice President,"JPMorgan Chase Bank, N.A.","Glasgow, UK",https://stackoverflow.com/jobs/557228
Junior Backend (Python / Django) Engineer (m/f/x),Alasco,"München, Germany",https://stackoverflow.com/jobs/559737
Full-Stack Engineer (Python OR Javascript),Neo4j,"Malmö, Sweden",https://stackoverflow.com/jobs/362199
Back-end developer (Python),Nolk,"Montreal, QC, Canada",https://stackoverflow.com/jobs/547896
Python Developer (Remote),Finsera,No office location,https://stackoverflow.com/jobs/524065
Software Engineer - Python - International Capital,"JPMorgan Chase Bank, N.A.","Glasgow, UK",https://stackoverflow.com/jobs/559338
Senior Python Full Stack Engineer,e-bot7 GmbH,"Munich, Germany",https://stackoverflow.com/jobs/551750
"Senior Software Engineer (Back End) - Python, Flask, Sqlalchemy, Redis-queue",Capital Group,"Los Angeles, CA",https://stackoverflow.com/jobs/538624
"Data Engineer (Python, ETL)",Finsera,No office location,https://stackoverflow.com/jobs/536631
Python Software Engineer,"JPMorgan Chase Bank, N.A.","Houston, TX",https://stackoverflow.com/jobs/559795
Senior Python/Django Full-stack Developer,Apicbase Belgium,No office location,https://stackoverflow.com/jobs/545356
"Senior Software Engineer - SOAP, REST, Bash, Shell, Python, Splunk Analystics",Lumen,"Broomfield, CO",https://stackoverflow.com/jobs/557531
Senior Python developer,"JPMorgan Chase Bank, N.A.","Jersey City, NJ",https://stackoverflow.com/jobs/557550
"Tech Lead, Python Systems Engineering",McD Tech Labs,"Mountain View, CA",https://stackoverflow.com/jobs/523801
Software Engineer - Python,Hearst Magazines,"New York, NY",https://stackoverflow.com/jobs/485603
Senior Software Engineer (Python),HENNGE K.K.,"Tokyo, Japan",https://stackoverflow.com/jobs/555511
Python Software Engineer - Finance,"JPMorgan Chase Bank, N.A.","Glasgow, UK",https://stackoverflow.com/jobs/557258
Data Engineer - Python,Capital Group,"Irvine, CA",https://stackoverflow.com/jobs/538626
Python Software Engineer,"JPMorgan Chase Bank, N.A.","Jersey City, NJ",https://stackoverflow.com/jobs/559221
Senior Backend Engineer - Python - México,Cornershop by Uber,No office location,https://stackoverflow.com/jobs/526139
Software Engineer (Java/Python),ComplyAdvantage,"London, UK",https://stackoverflow.com/jobs/528544
Backend Software Engineer - Python,Hubs,"Amsterdam, Netherlands",https://stackoverflow.com/jobs/543394
Python Backend Engineer,Skillhouse Staffing Solutions,"Tokyo, Japan",https://stackoverflow.com/jobs/556016
Senior Python Engineer - CIB Rates Products,"JPMorgan Chase Bank, N.A.","London, UK",https://stackoverflow.com/jobs/557545
"SENIOR FULL-STACK DEV WITH RUBY / PYTHON / REACT NATIVE -- 100% REMOTE, FLEXIBLE",Analytics Fire,No office location,https://stackoverflow.com/jobs/517987
Senior Backend Python Engineer - Applied AI Systems - London,"JPMorgan Chase Bank, N.A.","London, UK",https://stackoverflow.com/jobs/558322
Software Engineer - Python,"JPMorgan Chase Bank, N.A.","Glasgow, UK",https://stackoverflow.com/jobs/559869
"Software Engineering - Virtual Hiring Event - Java, Springboot, Python","JPMorgan Chase Bank, N.A.","Plano, TX",https://stackoverflow.com/jobs/558599
Python Developer with AWS,"JPMorgan Chase Bank, N.A.","Jersey City, NJ",https://stackoverflow.com/jobs/558784
Senior Python Software Engineer,"JPMorgan Chase Bank, N.A.","Chicago, IL",https://stackoverflow.com/jobs/558329
Backend Software Engineer - Python,Hubs,"Amsterdam, Netherlands",https://stackoverflow.com/jobs/543394
Senior Python/Django Full-stack Developer,Apicbase Belgium,No office location,https://stackoverflow.com/jobs/515716
Senior Python Software Engineer,"JPMorgan Chase Bank, N.A.","Glasgow, UK",https://stackoverflow.com/jobs/560168
HA Proxy-Java/Python Engineer,"JPMorgan Chase Bank, N.A.","Plano, TX",https://stackoverflow.com/jobs/558912
Software Engineer - Python,"JPMorgan Chase Bank, N.A.","Glasgow, UK",https://stackoverflow.com/jobs/558475
Java or Python Software Engineer,"JPMorgan Chase Bank, N.A.","Columbus, OH",https://stackoverflow.com/jobs/557965
Senior Software Engineer - Python,DIGARC,No office location,https://stackoverflow.com/jobs/497630
Softwareentwickler (m/w/d) Backend Python/Go,Hetzner Cloud GmbH,"Unterföhring, Deutschland",https://stackoverflow.com/jobs/272624
Software Engineer (Python AWS),Wizeline,"Phường 12 (Quận 10), Vietnam",https://stackoverflow.com/jobs/487852
Infrastructure Developer-Java/Python,"JPMorgan Chase Bank, N.A.","Columbus, OH",https://stackoverflow.com/jobs/560257
"Data Engineer (Python, SQL)",Huxley Banking & Financial ServicesviaHuxley (US),"Chicago, IL",https://stackoverflow.com/jobs/526406
Senior Software Engineer - Python - Commodities Technology,"JPMorgan Chase Bank, N.A.","London, UK",https://stackoverflow.com/jobs/560170
User Interface Software Engineer with React.js or Python,"JPMorgan Chase Bank, N.A.","Houston, TX",https://stackoverflow.com/jobs/558649
CIB Data - Python Software Engineering,"JPMorgan Chase Bank, N.A.","London, UK",https://stackoverflow.com/jobs/559248
Backend developer (Python/Django) with a passion for open source,5 Monkeys Agency ABvia5 Monkeys Agency AB,"Stockholm, Sweden",https://stackoverflow.com/jobs/546429
"Senior Full Stack Software Engineer (Python, JavaScript, TypeScript)","JPMorgan Chase Bank, N.A.","London, UK",https://stackoverflow.com/jobs/558819
Python Developer,"JPMorgan Chase Bank, N.A.","Houston, TX",https://stackoverflow.com/jobs/558130
Python Backend Developer (m/f/d) - Industrial Data Science and Software,Smart Steel Technologies GmbH,"Berlin, Germany",https://stackoverflow.com/jobs/334428
Sr. Python Developer,"JPMorgan Chase Bank, N.A.","Houston, TX",https://stackoverflow.com/jobs/557857
Backend developer (Python/Django) with a passion for open source,5 Monkeys Agency ABvia5 Monkeys Agency AB,"Stockholm, Sweden",https://stackoverflow.com/jobs/546429
Software Engineer - Python,"JPMorgan Chase Bank, N.A.","Glasgow, UK",https://stackoverflow.com/jobs/558475
"Senior Data Engineer (Python, Kafka, Airflow)",AMBOSS,"Berlin, Germany",https://stackoverflow.com/jobs/415218
Senior Software Engineer - Python,DIGARC,No office location,https://stackoverflow.com/jobs/497630
Python Backend Developer (m/f/d) - Industrial Data Science and Software,Smart Steel Technologies GmbH,"Berlin, Germany",https://stackoverflow.com/jobs/334428
Software Engineer (Python AWS),Wizeline,"Phường 12 (Quận 10), Vietnam",https://stackoverflow.com/jobs/487852
Senior Software Engineer - Python - Commodities Technology,"JPMorgan Chase Bank, N.A.","London, UK",https://stackoverflow.com/jobs/560170
"Senior Full Stack Software Engineer (Python, JavaScript, TypeScript)","JPMorgan Chase Bank, N.A.","London, UK",https://stackoverflow.com/jobs/558819
Python Developer,"JPMorgan Chase Bank, N.A.","Houston, TX",https://stackoverflow.com/jobs/558130
Technical Lead (Python/C++) Engineer - Realtime Data Services,"JPMorgan Chase Bank, N.A.","Jersey City, NJ",https://stackoverflow.com/jobs/558166
Python Software Engineer (Cloud),"JPMorgan Chase Bank, N.A.","London, UK",https://stackoverflow.com/jobs/559243
"Associate Equity Athena Intraday Risk (Python, React/TS)","JPMorgan Chase Bank, N.A.","London, UK",https://stackoverflow.com/jobs/559126
"Python Back End Developer (FastAPI, Django, Celery)","Daupler, Inc.","Kansas City, MO",https://stackoverflow.com/jobs/523350
Developer - Big Data Solutions - Python,"JPMorgan Chase Bank, N.A.","Wilmington, DE",https://stackoverflow.com/jobs/558001
Software Engineer (Python Data Stack) (m/f/d),QuantCo,"Karlsruhe, Germany",https://stackoverflow.com/jobs/349976
Python Software Engineer (Athena Rates Technology),"JPMorgan Chase Bank, N.A.","London, UK",https://stackoverflow.com/jobs/560037
"Back End Engineer (Python, AWS)",Modus Create,No office location,https://stackoverflow.com/jobs/560131
Lead Java / Python Software Engineer - CIB Data Engineering,"JPMorgan Chase Bank, N.A.","London, UK",https://stackoverflow.com/jobs/559490
Python Site Reliability Engineer,"JPMorgan Chase Bank, N.A.","Houston, TX",https://stackoverflow.com/jobs/560007
"Associate Equity Athena Intraday Risk (Python, React/TS)","JPMorgan Chase Bank, N.A.","London, UK",https://stackoverflow.com/jobs/557142
Software Engineers - Cloud Reliability & Infrastructure (Python or Java),Canva,"Sydney, Australia",https://stackoverflow.com/jobs/373689
Senior Software Developer - Python,"JPMorgan Chase Bank, N.A.","Glasgow, UK",https://stackoverflow.com/jobs/559256
Senior Python Developer w/ Cloud Experience,"JPMorgan Chase Bank, N.A.","Wilmington, DE",https://stackoverflow.com/jobs/558662
Senior Software Engineer Python,H & M Hennes & Mauritz GBC AB,"Stockholm, Sweden",https://stackoverflow.com/jobs/529343
Senior Python Developer,GeoPhy,"Den Haag, Netherlands",https://stackoverflow.com/jobs/552144
Senior Python Engineer,Huxley Banking & Financial ServicesviaHuxley (US),"Boston, MA",https://stackoverflow.com/jobs/524663
Software Engineer - Python - International Capital,"JPMorgan Chase Bank, N.A.","Glasgow, UK",https://stackoverflow.com/jobs/559338
Python Software Engineer - Global Rates Technology - Associate,"JPMorgan Chase Bank, N.A.","Glasgow, UK",https://stackoverflow.com/jobs/557227
Python Automation Engineer,"JPMorgan Chase Bank, N.A.","Columbus, OH",https://stackoverflow.com/jobs/557539
Python Software Engineer (Cloud/Data Science),"JPMorgan Chase Bank, N.A.","Houston, TX",https://stackoverflow.com/jobs/557672
Python Software Engineer (Cloud),"JPMorgan Chase Bank, N.A.","Jersey City, NJ",https://stackoverflow.com/jobs/558698
"Data Engineer (Python, ETL)",Finsera,No office location,https://stackoverflow.com/jobs/536631
Data Engineer - Python,Capital Group,"Irvine, CA",https://stackoverflow.com/jobs/538626
"VP Equity Technical Lead Intraday Risk (Python Software Engineering, Architecture,...","JPMorgan Chase Bank, N.A.","London, UK",https://stackoverflow.com/jobs/558857
Python Developer,Etiometry,"Boston, MA",https://stackoverflow.com/jobs/504970
"Software Engineer (Java, Python) - Product Tooling","JPMorgan Chase Bank, N.A.","Jersey City, NJ",https://stackoverflow.com/jobs/559865
Sr. Software Engineer (Python or Java or Scala),"JPMorgan Chase Bank, N.A.","Jersey City, NJ",https://stackoverflow.com/jobs/559562
Python Developer/ Trading Systems Engineer,Huxley Banking & Financial ServicesviaHuxley (US),"New York, NY",https://stackoverflow.com/jobs/522467
Python Software Engineer (Cloud/Data Science),"JPMorgan Chase Bank, N.A.","Houston, TX",https://stackoverflow.com/jobs/557670
Python/Java developer,"JPMorgan Chase Bank, N.A.","Jersey City, NJ",https://stackoverflow.com/jobs/557549
Python Alteryx Developer,"JPMorgan Chase Bank, N.A.","Jersey City, NJ",https://stackoverflow.com/jobs/557793
Senior Python Software Engineer with SQL,"JPMorgan Chase Bank, N.A.","Houston, TX",https://stackoverflow.com/jobs/560255
Data Engineer Lead - Java Python,"JPMorgan Chase Bank, N.A.","Wilmington, DE",https://stackoverflow.com/jobs/557688
Senior Fullstack Engineer (Python/Django/React)- #12 of Top-100 Marketplaces,StyleSeat,No office location,https://stackoverflow.com/jobs/554278
Software Engineer (Java/Python),ComplyAdvantage,"London, UK",https://stackoverflow.com/jobs/528544
Python Engineer,Intel Corporation,"Gdańsk, Poland",https://stackoverflow.com/jobs/529943
"SENIOR FULL-STACK DEV WITH RUBY / PYTHON / REACT NATIVE -- 100% REMOTE, FLEXIBLE",Analytics Fire,No office location,https://stackoverflow.com/jobs/517987
Senior Software Engineer (Java/Python - Data Insights),ComplyAdvantage,"London, UK",https://stackoverflow.com/jobs/528607
Senior Backend Python Engineer - Applied AI Systems - London,"JPMorgan Chase Bank, N.A.","London, UK",https://stackoverflow.com/jobs/558322
"VP Equity Technical Lead Intraday Risk (Python Software Engineering, Architecture,...","JPMorgan Chase Bank, N.A.","London, UK",https://stackoverflow.com/jobs/558857
"Principal Software Engineer, Data (Python & pandas) - London",Synthace Ltd.,"London, UK",https://stackoverflow.com/jobs/554536
"Data Engineer (Python, ETL)",Finsera,No office location,https://stackoverflow.com/jobs/536631
Software Engineering - Python and Spark,"JPMorgan Chase Bank, N.A.","Plano, TX",https://stackoverflow.com/jobs/559984
Python Software Engineer,"JPMorgan Chase Bank, N.A.","Houston, TX",https://stackoverflow.com/jobs/558009
Sr. Python Developer,"JPMorgan Chase Bank, N.A.","Houston, TX",https://stackoverflow.com/jobs/557984
Python Analytics Developer,"JPMorgan Chase Bank, N.A.","Plano, TX",https://stackoverflow.com/jobs/558104
Software Engineer (Java/Python),ComplyAdvantage,"London, UK",https://stackoverflow.com/jobs/528544
Developer Technology Engineer - Test Automation (C++ / Python / Jenkins),Imagination Technologies,"Kings Langley, UK",https://stackoverflow.com/jobs/543473
Credit Technology - Python Software Engineer,"JPMorgan Chase Bank, N.A.","London, UK",https://stackoverflow.com/jobs/557514
Backend developer (Python/Django) with a passion for open source,5 Monkeys Agency ABvia5 Monkeys Agency AB,"Göteborg, Sweden",https://stackoverflow.com/jobs/546428
Fullstack Developer (Python/React),We Got POP Ltd,"London, UK",https://stackoverflow.com/jobs/525267
"Python Programmer, VP","JPMorgan Chase Bank, N.A.","Jersey City, NJ",https://stackoverflow.com/jobs/559511
"Site Reliability Engineer - Associate - Python, AWS/GCP - Flexible Working","JPMorgan Chase Bank, N.A.","Bournemouth, UK",https://stackoverflow.com/jobs/557177
Fullstack Cloud Engineer (Python/React/AWS),Montash,No office location,https://stackoverflow.com/jobs/556128
"Senior .Net Developer for ML, Computer Vision and Python Algorithm development",MapLarge,No office location,https://stackoverflow.com/jobs/165235
Senior Cloud Developer - AWS / Cloud Foundry / Java / Python,"JPMorgan Chase Bank, N.A.","Columbus, OH",https://stackoverflow.com/jobs/559239
Python Automation Engineer,"JPMorgan Chase Bank, N.A.","Columbus, OH",https://stackoverflow.com/jobs/557539
"Software Engineer (Python, C++)","JPMorgan Chase Bank, N.A.","Jersey City, NJ",https://stackoverflow.com/jobs/557388
Software Engineer - Python,"JPMorgan Chase Bank, N.A.","Jersey City, NJ",https://stackoverflow.com/jobs/559489
(Senior) Python Developer (m/f/d),tribe29 GmbH,"München, Deutschland",https://stackoverflow.com/jobs/526671
Python Developer,Etiometry,"Boston, MA",https://stackoverflow.com/jobs/504970
Sr. Software Engineer (Python or Java or Scala),"JPMorgan Chase Bank, N.A.","Jersey City, NJ",https://stackoverflow.com/jobs/559562
"Software Engineer - AI Team (Java, Python, AWS)","JPMorgan Chase Bank, N.A.","Glasgow, UK",https://stackoverflow.com/jobs/557557
Python Software Engineer (Cloud/Data Science),"JPMorgan Chase Bank, N.A.","Houston, TX",https://stackoverflow.com/jobs/557670
Softwareentwickler*in Python (w/m/d) - Schwerpunkt Webservices,IONOS SE,"Karlsruhe, Deutschland",https://stackoverflow.com/jobs/545352
"Software Engineer (Python, C++)","JPMorgan Chase Bank, N.A.","Jersey City, NJ",https://stackoverflow.com/jobs/557388
(Senior) Python Developer (m/f/d),tribe29 GmbH,"München, Deutschland",https://stackoverflow.com/jobs/526671
"Software Engineer - AI Team (Java, Python, AWS)","JPMorgan Chase Bank, N.A.","Glasgow, UK",https://stackoverflow.com/jobs/557557
Cloud Engineer (Python and/or Java),"JPMorgan Chase Bank, N.A.","Houston, TX",https://stackoverflow.com/jobs/560002
CIB - Quantitative Research - Market Risk - Associate - Python Developer,"JPMorgan Chase Bank, N.A.","Jersey City, NJ",https://stackoverflow.com/jobs/557829
Senior Devops Engineer (Python scripting),Basware,"Chandigarh, India",https://stackoverflow.com/jobs/483223
Software Engineer - Python,"JPMorgan Chase Bank, N.A.","Jersey City, NJ",https://stackoverflow.com/jobs/559489
VP - Python Infrastructure Developer,"JPMorgan Chase Bank, N.A.","Jersey City, NJ",https://stackoverflow.com/jobs/558226
"Software Engineer, Associate (Java/Python)","JPMorgan Chase Bank, N.A.","Plano, TX",https://stackoverflow.com/jobs/558189
Analytics Solutions Associate Sr - PYTHON and REACT,"JPMorgan Chase Bank, N.A.","Plano, TX",https://stackoverflow.com/jobs/559470
Python/Cloud Software Engineer,"JPMorgan Chase Bank, N.A.","Houston, TX",https://stackoverflow.com/jobs/557661
Site Reliability Engineer (SRE)- Java / Python / Linux Production / Operations /...,"JPMorgan Chase Bank, N.A.","Jersey City, NJ",https://stackoverflow.com/jobs/560291
Cloud Software Engineer (Java / Python) - Vice President - Flexible working,"JPMorgan Chase Bank, N.A.","Bournemouth, UK",https://stackoverflow.com/jobs/557508
"Senior Python Software Developer (m/f/d) @ our Partner ADSPERT (Berlin, remote)",solute GmbH,"Berlin, Deutschland",https://stackoverflow.com/jobs/547853
Senior Python Engineer - Back End - Take Charge Of Our In-House CMS,Immersive Labs,No office location,https://stackoverflow.com/jobs/552495
"IoT / Java, Python Entwickler (w/m/d) - bundesweit & Homeoffice",objective partner AG,"Weinheim, Deutschland",https://stackoverflow.com/jobs/550882
Software Engineering - Python or other OOP,"JPMorgan Chase Bank, N.A.","London, UK",https://stackoverflow.com/jobs/557970
Developer - Big Data Solutions - Python,"JPMorgan Chase Bank, N.A.","Wilmington, DE",https://stackoverflow.com/jobs/558001
"Back End Engineer (Python, AWS)",Modus Create,No office location,https://stackoverflow.com/jobs/560131
Python Site Reliability Engineer,"JPMorgan Chase Bank, N.A.","Houston, TX",https://stackoverflow.com/jobs/560007
Sr. Python Developer,"JPMorgan Chase Bank, N.A.","Houston, TX",https://stackoverflow.com/jobs/557857
Senior Python Developer w/ Cloud Experience,"JPMorgan Chase Bank, N.A.","Wilmington, DE",https://stackoverflow.com/jobs/558662
"Junior IoT Developer (M/W/D) Python, C++",VISPIRON CHARGE-V GmbH,"München, Deutschland",https://stackoverflow.com/jobs/548810
CIB - Quantitative Research - Market Risk - Associate - Python Developer,"JPMorgan Chase Bank, N.A.","Jersey City, NJ",https://stackoverflow.com/jobs/557828
Software Engineering - Python or other OOP,"JPMorgan Chase Bank, N.A.","London, UK",https://stackoverflow.com/jobs/557970
"IoT / Java, Python Entwickler (w/m/d) - bundesweit & Homeoffice",objective partner AG,"Weinheim, Deutschland",https://stackoverflow.com/jobs/550882
Senior Python Engineer - Athena Trade & Risk Services - Instrument & Lifecycle Group -...,"JPMorgan Chase Bank, N.A.","London, UK",https://stackoverflow.com/jobs/558321
"Data Engineer (m/f) (SQL, Python, R, Java)",RIAG DIGITAL,"Wien, Austria",https://stackoverflow.com/jobs/376577
Site Reliability Engineer (SRE)- Java / Python / Linux Production / Operations /...,"JPMorgan Chase Bank, N.A.","Jersey City, NJ",https://stackoverflow.com/jobs/560291
Cloud Software Engineer (Java / Python) - Vice President - Flexible working,"JPMorgan Chase Bank, N.A.","Bournemouth, UK",https://stackoverflow.com/jobs/557508
Développeur-euse Fullstack (Python/Flask),Fintel SAS,"Marseille, France",https://stackoverflow.com/jobs/465113
"Senior .Net Developer for ML, Computer Vision and Python Algorithm development",MapLarge,No office location,https://stackoverflow.com/jobs/165235
Python Developer - Securities Services Technology: Analytics,"JPMorgan Chase Bank, N.A.","London, UK",https://stackoverflow.com/jobs/557146
Node.js Developer (Remote),Soshace LLC,No office location,https://stackoverflow.com/jobs/555481
React or Angular Front-end developer (Remote),Soshace LLC,No office location,https://stackoverflow.com/jobs/555480
Enthusiastic developers for small informal software company,Black Cow Technology,"Oxford, UK",https://stackoverflow.com/jobs/503556
Java/Spring Developer (Remote),Soshace LLC,No office location,https://stackoverflow.com/jobs/555482
Cloud Automation Engineer,tribe29 GmbH,"München, Deutschland",https://stackoverflow.com/jobs/547843
DevOps Engineer with interesting scale up challenges,Channable,"Utrecht, Netherlands",https://stackoverflow.com/jobs/500253
Analyste solution/ Chef de projet déploiement Smart O&M (H/F),ENGIE Digital,"Paris, France",https://stackoverflow.com/jobs/548602
Product Owner Smart O&M (H/F),ENGIE Digital,"Paris, France",https://stackoverflow.com/jobs/554454
"Arista Networks is hiring Front End Engineer for Dublin office(JS, React+Redux)","Arista Networks, Inc","Dublin, Ireland",https://stackoverflow.com/jobs/482910
QA Analyst (H/F),ENGIE Digital,"Paris, France",https://stackoverflow.com/jobs/528279
Engineering Manager (Frontend - JS React),uSwitch,"London, UK",https://stackoverflow.com/jobs/546667
Senior Full-stack Web Developer,F-Secure,"Poznań, Poland",https://stackoverflow.com/jobs/526479
Senior Full-stack Web Developer,F-Secure,"Basingstoke, UK",https://stackoverflow.com/jobs/535566
Sr. Software Engineer - Virtual Intelligence Team,Flashpoint,No office location,https://stackoverflow.com/jobs/555310
Experienced Front-end Developer,F-Secure,"Helsinki, Finland",https://stackoverflow.com/jobs/552301
Android Developer,F-Secure,"Helsinki, Finland",https://stackoverflow.com/jobs/552308
